training_group,avg_deployment_count
Low,13.79765448624458
Mid-Low,21.65710464327065
Mid-High,30.098341303347407
High,39.854032161045836
