industry,net_value_millions
Energy,-1.3859844374289774
Healthcare,-1.2836032144759844
Manufacturing,-1.1369672928992103
Financial Services,-0.9589187569019229
Telecom,-0.6929564769960362
Logistics,-0.613519694775607
Agriculture,-0.4637379040668412
Education,-0.37661539947222916
Retail,-0.15977813597366322
Technology,3.100724782741568
