invest_group,avg_roi
Low,0.5246541518409752
Mid-Low,0.7242270809954595
Mid-High,0.8827500082719091
High,1.112213783872682
